Campaign,Keyword,Criterion Type
SuA Glow Hair & Scalp Reset,transplant,Campaign Negative Phrase
SuA Glow Hair & Scalp Reset,hair transplant,Campaign Negative Phrase
SuA Glow Hair & Scalp Reset,FUE,Campaign Negative Phrase
SuA Glow Hair & Scalp Reset,FUT,Campaign Negative Phrase
SuA Glow Hair & Scalp Reset,Turkey,Campaign Negative Phrase
SuA Glow Hair & Scalp Reset,wig,Campaign Negative Phrase
SuA Glow Hair & Scalp Reset,toupee,Campaign Negative Phrase
SuA Glow Hair & Scalp Reset,extensions,Campaign Negative Phrase
SuA Glow Hair & Scalp Reset,haircut,Campaign Negative Phrase
SuA Glow Hair & Scalp Reset,hairstyle,Campaign Negative Phrase
SuA Glow Hair & Scalp Reset,shampoo,Campaign Negative Phrase
SuA Glow Hair & Scalp Reset,conditioner,Campaign Negative Phrase
SuA Glow Hair & Scalp Reset,Amazon,Campaign Negative Phrase
SuA Glow Hair & Scalp Reset,DIY,Campaign Negative Phrase
SuA Glow Hair & Scalp Reset,home remedy,Campaign Negative Phrase
SuA Glow Hair & Scalp Reset,jobs,Campaign Negative Phrase
SuA Glow Hair & Scalp Reset,career,Campaign Negative Phrase
SuA Glow Hair & Scalp Reset,school,Campaign Negative Phrase
SuA Glow Hair & Scalp Reset,certification,Campaign Negative Phrase
SuA Glow Hair & Scalp Reset,course,Campaign Negative Phrase
SuA Glow Hair & Scalp Reset,training,Campaign Negative Phrase
SuA Glow Hair & Scalp Reset,free,Campaign Negative Phrase
