Campaign,Campaign Daily Budget,Ad Group,Keyword,Criterion Type,Headline 1,Headline 2,Headline 3,Headline 4,Headline 5,Headline 6,Headline 7,Headline 8,Headline 9,Headline 10,Headline 11,Headline 12,Headline 13,Headline 14,Headline 15,Description 1,Description 2,Description 3,Description 4,Final URL,Path 1,Path 2
SuA Glow Hair & Scalp Reset,40,Ad Group 1: Combined / Hair Loss,"""hair loss treatment Dallas""",Phrase,,,,,,,,,,,,,,,,,,,,,,
SuA Glow Hair & Scalp Reset,,Ad Group 1: Combined / Hair Loss,"""hair loss treatment near me""",Phrase,,,,,,,,,,,,,,,,,,,,,,
SuA Glow Hair & Scalp Reset,,Ad Group 1: Combined / Hair Loss,"""hair loss clinic near me""",Phrase,,,,,,,,,,,,,,,,,,,,,,
SuA Glow Hair & Scalp Reset,,Ad Group 1: Combined / Hair Loss,"""scalp treatment for hair loss""",Phrase,,,,,,,,,,,,,,,,,,,,,,
SuA Glow Hair & Scalp Reset,,Ad Group 1: Combined / Hair Loss,"""Korean scalp treatment""",Phrase,,,,,,,,,,,,,,,,,,,,,,
SuA Glow Hair & Scalp Reset,,Ad Group 1: Combined / Hair Loss,,,Hair Loss Treatment Dallas,Korean Scalp Treatment,Scalp Treatment For Hair Loss,Hair Loss Clinic Near You,Hair Loss Treatment Near You,$399 Korean Scalp Reset,Hair Loss? Think Scalp.,More Than a Head Spa,SuA Glow Scalp Rejuvenation,Needle-Free Follicle Care,Physician-Guided Scalp Care,FDA-Cleared Scalp Tech,Seoul-Inspired Scalp Care,Stop Hair Shedding Today,Book Scalp Assessment Today,Concerned about thinning or shedding? Start your personalized scalp assessment today.,Physician-guided Seoul-inspired hair loss treatment & scalp rejuvenation in Carrollton.,Experience our $399 Korean Scalp Reset. Medically guided FDA-cleared scalp technology.,Effective scalp treatment for hair loss with needle-free transdermal delivery. Book now.,https://suaglow.com/korean-scalp-hair-rejuvenation.html,scalp,reset
SuA Glow Hair & Scalp Reset,,Ad Group 2: Thinning / Women,"""female hair loss treatment""",Phrase,,,,,,,,,,,,,,,,,,,,,,
SuA Glow Hair & Scalp Reset,,Ad Group 2: Thinning / Women,"""female hair loss treatment near me""",Phrase,,,,,,,,,,,,,,,,,,,,,,
SuA Glow Hair & Scalp Reset,,Ad Group 2: Thinning / Women,"""female thinning hair treatment""",Phrase,,,,,,,,,,,,,,,,,,,,,,
SuA Glow Hair & Scalp Reset,,Ad Group 2: Thinning / Women,"""thinning hair treatment near me""",Phrase,,,,,,,,,,,,,,,,,,,,,,
SuA Glow Hair & Scalp Reset,,Ad Group 2: Thinning / Women,"""treatment for thinning hair""",Phrase,,,,,,,,,,,,,,,,,,,,,,
SuA Glow Hair & Scalp Reset,,Ad Group 2: Thinning / Women,,,Female Hair Loss Treatment,Treatment For Thinning Hair,Female Thinning Hair Care,Thinning Hair Treatment Dallas,Hair Loss Treatment Near You,Widening Part? Start Here.,$399 Scalp & Hair Reset,Needle-Free Scalp Infusion,SuA Glow Women Scalp Care,Restore Female Hair Density,Gentle Needle-Free Follicle,Korean Scalp Rejuvenation,Physician-Guided Female Care,Postpartum & Stress Thinning,Book Scalp Assessment Today,Female hair loss treatment and thinning hair care. Start your scalp assessment today.,Noticing hairline changes or shedding? Your scalp needs more than a surface power wash.,"Experience our $399 Korean Scalp Reset. No guessing, just a plan built around you.",FDA-cleared needle-free technology for female thinning hair. Book your visit in DFW.,https://suaglow.com/korean-scalp-hair-rejuvenation.html,female,scalp-care
SuA Glow Hair & Scalp Reset,,Ad Group 3: Hairline / Men,"""male hair loss treatment""",Phrase,,,,,,,,,,,,,,,,,,,,,,
SuA Glow Hair & Scalp Reset,,Ad Group 3: Hairline / Men,"""male thinning hair treatment""",Phrase,,,,,,,,,,,,,,,,,,,,,,
SuA Glow Hair & Scalp Reset,,Ad Group 3: Hairline / Men,"""hair loss clinic Dallas""",Phrase,,,,,,,,,,,,,,,,,,,,,,
SuA Glow Hair & Scalp Reset,,Ad Group 3: Hairline / Men,"""scalp therapy for hair loss""",Phrase,,,,,,,,,,,,,,,,,,,,,,
SuA Glow Hair & Scalp Reset,,Ad Group 3: Hairline / Men,,,Male Hair Loss Treatment,Male Thinning Hair Care,Hair Loss Clinic Dallas,Scalp Therapy For Hair Loss,Thinning Hairline? Think Scalp,$399 Korean Scalp Reset,Non-Surgical Hair Care,Advanced Scalp Infusion,Receding Hairline Care,Crown Thinning Treatment,Needle-Free Follicle Infusion,SuA Glow Men Scalp Care,Physician-Guided Scalp Plan,No Surgery No Downtime,Book Male Scalp Assessment,Male hair loss treatment in Dallas. Address crown thinning and receding hairlines.,Receding hairline or crown thinning? Address it without painful surgery or downtime.,Get a physician-guided scalp assessment and try our $399 Korean Scalp Reset today.,FDA-cleared needle-free scalp therapy for hair loss. Book your consultation in DFW.,https://suaglow.com/korean-scalp-hair-rejuvenation.html,mens,hair-density
